resolution,highs_version,s,max_rss,max_vms,max_uss,max_pss,io_in,io_out,mean_load,cpu_time
6,1.5.0.dev0,9.5382,259.585,458.74,232.675,242.78500000000003,5.3,9.475,81.47,8.245000000000001
12,1.5.0.dev0,5.33375,222.17000000000002,416.95000000000005,195.125,205.29500000000002,0.0,8.35,79.15,4.705
6,1.1.2.dev3,8.01055,251.32999999999998,447.67499999999995,224.64499999999998,234.765,0.0,9.33,87.03,7.465
12,1.1.2.dev3,5.38015,218.60000000000002,412.145,191.97500000000002,202.09,0.0,8.27,82.215,4.915
