resolution,highs_version,s,max_rss,max_vms,max_uss,max_pss,io_in,io_out,mean_load,cpu_time
2,1.1.2.dev3,59.8392,429.88,640.8299999999999,403.15,413.29499999999996,5.36,13.684999999999999,73.375,44.4
3,1.1.2.dev3,20.8124,356.675,571.55,329.91999999999996,340.05499999999995,0.0,11.47,68.595,14.765
4,1.1.2.dev3,9.6739,292.925,503.28499999999997,266.28499999999997,276.4,0.0,10.4,90.19,9.22
5,1.1.2.dev3,5.31465,274.67999999999995,477.97,247.675,257.875,0.0,9.76,78.275,4.645
2,1.5.0.dev0,59.2369,431.655,640.515,404.7,414.97,0.0,13.7,75.0,44.93
3,1.5.0.dev0,20.5918,356.275,571.425,329.655,339.755,0.0,11.55,69.58500000000001,14.825
4,1.5.0.dev0,9.631699999999999,300.96000000000004,507.35,273.61,283.88,0.0,5.24,87.78,4.355
5,1.5.0.dev0,5.25265,266.095,467.975,239.255,249.44,0.0,9.84,79.78,4.68
